DATASET_COLORSTRIP
SEPARATOR SPACE
DATASET_LABEL host
COLOR #FC8D62
COLOR_BRANCHES 0
DATA
NC_026434.1|H1N1|USA|Homo_sapiens|2009-04-09 #FF000D Homo_sapiens
NC_026429.1|H7N9|China|Homo_sapiens|2013-03-05 #FF000D Homo_sapiens
MH169355.1|H7N7|South_Korea|Anatidae|2016-11-23 #A5DCC2 Anatidae
MG770146.1|H1N1|South_Korea|Aves|2016-11-07 #BDE5BE Aves
MG770154.1|H1N1|South_Korea|Aves|2016-11-07 #BDE5BE Aves
MG770162.1|H1N1|South_Korea|Aves|2016-11-07 #BDE5BE Aves
MG770178.1|H1N1|South_Korea|Aves|2016-11-07 #BDE5BE Aves
MF673167.1|H3N2|China|Homo_sapiens|2017-08-07 #FF000D Homo_sapiens
MG386184.1|H3N3|South_Korea|Aves|2016-11-03 #BDE5BE Aves
KX703021.1|H11N9|South_Korea|Anatidae|2016-01-21 #A5DCC2 Anatidae
MF973227.1|H5N8|Zimbabwe|Gallus_gallus|2017-05-25 #D5EEBA Gallus_gallus
KJ907497.1|H3N1|China|Sibirionetta_formosa|2012-05-05 #EDF8B6 Sibirionetta_formosa
KJ907505.1|H3N2|China|Sibirionetta_formosa|2013-11-01 #EDF8B6 Sibirionetta_formosa
KJ907513.1|H3N2|China|Sibirionetta_formosa|2013-11-01 #EDF8B6 Sibirionetta_formosa
KJ907521.1|H3N3|China|Numenius_arquata|2013-04-01 #FBFBB5 Numenius_arquata
KJ907529.1|H3N6|China|Numenius_arquata|2013-04-01 #FBFBB5 Numenius_arquata
KJ907537.1|H3N6|China|Numenius_arquata|2013-04-01 #FBFBB5 Numenius_arquata
KJ907545.1|H3N8|China|Sibirionetta_formosa|2013-11-01 #EDF8B6 Sibirionetta_formosa
KJ907553.1|H3N8|China|Sibirionetta_formosa|2012-05-01 #EDF8B6 Sibirionetta_formosa
KJ907561.1|H4N6|China|Anatidae|2011-12-01 #A5DCC2 Anatidae
KJ907569.1|H4N6|China|Anatidae|2011-12-01 #A5DCC2 Anatidae
KJ907577.1|H4N8|China|Anser_anser|2013-09-01 #EDECBD Anser_anser
KJ907585.1|H4N8|China|Anser_anser|2013-09-01 #EDECBD Anser_anser
KJ907593.1|H4N8|China|Anser_anser|2013-09-01 #EDECBD Anser_anser
KJ907609.1|H5N1|China|Gallus_gallus|2013-04-01 #D5EEBA Gallus_gallus
KJ907617.1|H5N1|China|Gallus_gallus|2013-05-01 #D5EEBA Gallus_gallus
KJ907625.1|H5N1|China|Parus_major|2013-10-01 #DFDDC5 Parus_major
KJ907633.1|H5N1|China|Anatidae|2013-04-01 #A5DCC2 Anatidae
KJ907641.1|H5N1|China|Anas_platyrhynchos|2013-08-01 #D2CFCE Anas_platyrhynchos
KJ907657.1|H6N1|China|Anas_crecca|2013-12-01 #C4C0D6 Anas_crecca
KJ907665.1|H6N1|China|Anas_crecca|2013-12-01 #C4C0D6 Anas_crecca
KJ907673.1|H6N2|China|Anas_crecca|2013-12-01 #C4C0D6 Anas_crecca
KJ907681.1|H6N2|China|Anas_platyrhynchos|2013-10-01 #D2CFCE Anas_platyrhynchos
KJ907689.1|H9N2|China|Anatidae|2012-07-01 #A5DCC2 Anatidae
KJ907697.1|H9N2|China|Otis_tarda|2012-04-01 #C5B3CD Otis_tarda
KJ907705.1|H9N2|China|Gallus_gallus|2013-10-01 #D5EEBA Gallus_gallus
KJ907713.1|H13N6|China|Anas_platyrhynchos|2013-10-01 #D2CFCE Anas_platyrhynchos
KJ907721.1|H6N1|China|Anas_crecca|2013-12-01 #C4C0D6 Anas_crecca
KJ907729.1|H3N2|China|Sibirionetta_formosa|2013-11-01 #EDF8B6 Sibirionetta_formosa
MG572475.1|H7N9|China|Homo_sapiens|2017-02-13 #FF000D Homo_sapiens
MG572483.1|H7N9|China|Homo_sapiens|2017-03-19 #FF000D Homo_sapiens
MG572490.1|H7N9|China|Homo_sapiens|2017-04-20 #FF000D Homo_sapiens
MK028596.1|H4N6|China|Anas_platyrhynchos|2011-03-10 #D2CFCE Anas_platyrhynchos
MF455310.1|H7N9|China|Homo_sapiens|2017-01 #FF000D Homo_sapiens
MF455318.1|H7N9|China|Homo_sapiens|2017-03 #FF000D Homo_sapiens
MG198922.1|H3N2|China|Homo_sapiens|2017-07-15 #FF000D Homo_sapiens
MG572190.1|H1N1|Brazil|Sus_scrofa|2014-06 #D1A7B7 Sus_scrofa
MF987895.1|H7N1|South_Korea|Aves|2015-11-27 #BDE5BE Aves
KP179324.1|H6N2|Mexico|Anas_platyrhynchos|2007-11-04 #D2CFCE Anas_platyrhynchos
KR010397.1|H4N6|China|Anas_platyrhynchos|2014-04-18 #D2CFCE Anas_platyrhynchos
KR010405.1|H4N6|China|Anas_platyrhynchos|2014-09-04 #D2CFCE Anas_platyrhynchos
KR010413.1|H5N1|China|Anatidae|2014-10-26 #A5DCC2 Anatidae
KR010421.1|H9N2|China|Anas_crecca|2014-04-21 #C4C0D6 Anas_crecca
KR010429.1|H9N7|China|Himantopus_himantopus|2014-10-07 #DE9AA2 Himantopus_himantopus
KR010437.1|H13N6|China|Numenius_arquata|2014-10-18 #FBFBB5 Numenius_arquata
KR010445.1|H13N8|China|Numenius_arquata|2014-10-18 #FBFBB5 Numenius_arquata
KJ781220.1|H6N6|China|Anatidae|2010 #A5DCC2 Anatidae
MH018679.1|H9N2|China|Gallus_gallus|2017-10 #D5EEBA Gallus_gallus
MF461182.1|H13N2|China|Larus_crassirostris|2016-12-28 #EB8E8B Larus_crassirostris
MF461190.1|H13N8|China|Larus_crassirostris|2016-12-28 #EB8E8B Larus_crassirostris
MG982494.1|H3N2|USA|Sus_scrofa|2017-11-10 #D1A7B7 Sus_scrofa
KJ907489.1|H1N2|China|Grus_nigricollis|2013-11-16 #F88275 Grus_nigricollis
KJ907649.1|H5N5|China|Anatidae|2011-03-01 #A5DCC2 Anatidae
MG266066.1|H7N9|USA|Spatula_discors|2016-09-07 #E58882 Spatula_discors
KX960165.1|H5N6|China|Aves|2015-01-07 #BDE5BE Aves
KX960167.1|H5N1|China|Aves|2015-01-07 #BDE5BE Aves
KX960169.1|H5N6|China|Aves|2015-01-07 #BDE5BE Aves
KX960171.1|H5N6|China|Aves|2015-01-07 #BDE5BE Aves
KX960173.1|H5N6|China|Aves|2015-01-07 #BDE5BE Aves
KX960175.1|H5N6|China|Aves|2015-01-07 #BDE5BE Aves
KX960177.1|H5N6|China|Aves|2015-01-07 #BDE5BE Aves
KX960179.1|H5N6|China|Aves|2015-01-07 #BDE5BE Aves
KX960181.1|H5N6|China|Aves|2015-01-07 #BDE5BE Aves
KX960183.1|H5N6|China|Aves|2015-01-07 #BDE5BE Aves
KX960185.1|H5N1|China|Aves|2015-01-07 #BDE5BE Aves
MF988325.1|H7N2|USA|Gallus_gallus|1999 #D5EEBA Gallus_gallus
MF370248.1|H7N9|China|Homo_sapiens|2017-02-04 #FF000D Homo_sapiens
KX078487.1|H1N1|India|Homo_sapiens|2015-03-17 #FF000D Homo_sapiens
KX078495.1|H1N1|India|Homo_sapiens|2015-03-09 #FF000D Homo_sapiens
KX078503.1|H1N1|India|Homo_sapiens|2015-03-05 #FF000D Homo_sapiens
KX078511.2|H1N1|India|Homo_sapiens|2015-03-14 #FF000D Homo_sapiens
KX078519.1|H1N1|India|Homo_sapiens|2015-03-18 #FF000D Homo_sapiens
KY785903.1|H9N2|Hong_Kong|Galliformes|1997 #CB9297 Galliformes
KY888032.1|H1N1|USA|Sus_scrofa|2017-02-27 #D1A7B7 Sus_scrofa
KY888040.1|H1N2|USA|Sus_scrofa|2017-03-17 #D1A7B7 Sus_scrofa
KY750632.1|H5N1|Viet_Nam|Gallus_gallus|2014-01-20 #D5EEBA Gallus_gallus
KX066873.1|H1N1|South_Korea|Aves|2014-12-02 #BDE5BE Aves
KY818813.1|H7N9|USA|Gallus_gallus|2017-03-03 #D5EEBA Gallus_gallus
KY818821.1|H7N9|USA|Gallus_gallus|2017-03-06 #D5EEBA Gallus_gallus
KY818829.1|H7N9|USA|Numididae_sp.|2017-03-12 #B19DAB Numididae_sp.
KY818837.1|H7N9|USA|Gallus_gallus|2017-03-14 #D5EEBA Gallus_gallus
KX151178.1|H5N6|China|Pavo_cristatus|2016-02-27 #97A7C0 Pavo_cristatus
KY575230.1|H7N7|USA|Anas_acuta|2015-01-18 #82B1D0 Anas_acuta
KY550741.1|H7N3|USA|Spatula_clypeata|2014-03-28 #9CB1B8 Spatula_clypeata
KY550749.1|H7N8|USA|Spatula_clypeata|2015-01-02 #9CB1B8 Spatula_clypeata
KY550757.1|H7N3|USA|Anas_carolinensis|2015-01-18 #B7B2A1 Anas_carolinensis
KY550765.1|H3N8|USA|Oxyura_jamaicensis|2015-01-23 #D1B289 Oxyura_jamaicensis
KY550773.1|H7N3|USA|Anas_carolinensis|2015-02-01 #B7B2A1 Anas_carolinensis
KY550781.1|H3N8|USA|Anas_acuta|2015-11-07 #82B1D0 Anas_acuta
KY550788.1|H7N3|USA|Mareca_americana|2015-12-12 #ECB371 Mareca_americana
KY550796.1|H7N3|USA|Spatula_clypeata|2016-01-12 #9CB1B8 Spatula_clypeata
KY550804.1|H7N9|USA|Anas_cyanoptera|2016-01-23 #F7B762 Anas_cyanoptera
KY550819.1|H7N7|USA|Spatula_clypeata|2016-01-27 #9CB1B8 Spatula_clypeata
KY550827.1|H7N3|USA|Anas_carolinensis|2016-01-30 #B7B2A1 Anas_carolinensis
KY550835.1|H7N9|USA|Spatula_clypeata|2016-01-16 #9CB1B8 Spatula_clypeata
KY550843.1|H7N3|USA|Anas_cyanoptera|2015-02-10 #F7B762 Anas_cyanoptera
KY550851.1|H7N3|USA|Anas_carolinensis|2015-02-03 #B7B2A1 Anas_carolinensis
KY550859.1|H7N7|USA|Anas_platyrhynchos|2016-01-13 #D2CFCE Anas_platyrhynchos
KY550866.1|H7N7|USA|Anas_platyrhynchos|2016-01-29 #D2CFCE Anas_platyrhynchos
KY550874.1|H7N7|USA|Anas_platyrhynchos|2016-01-29 #D2CFCE Anas_platyrhynchos
KY550882.1|H7N1|USA|Anas_platyrhynchos|2015-02-23 #D2CFCE Anas_platyrhynchos
KY550890.1|H7N3|USA|Anas_carolinensis|2015-10-31 #B7B2A1 Anas_carolinensis
KY550898.1|H7N8|USA|Aythya_affinis|2015-11-28 #E7C064 Aythya_affinis
KY550906.1|H7N3|USA|Anas_carolinensis|2016-01-23 #B7B2A1 Anas_carolinensis
KY550914.1|H7N1|USA|Anas_platyrhynchos|2016-01-24 #D2CFCE Anas_platyrhynchos
KY550922.1|H7N3|USA|Anas_platyrhynchos|2016-01-24 #D2CFCE Anas_platyrhynchos
KY550930.1|H7N3|USA|Anas_platyrhynchos|2016-01-25 #D2CFCE Anas_platyrhynchos
KY550938.1|H7N3|USA|Anas_platyrhynchos|2016-01-26 #D2CFCE Anas_platyrhynchos
KY550946.1|H7N3|USA|Anas_platyrhynchos|2016-01-26 #D2CFCE Anas_platyrhynchos
KY550954.1|H7N3|USA|Anas_platyrhynchos|2016-01-26 #D2CFCE Anas_platyrhynchos
KY550961.1|H7N4|USA|Spatula_clypeata|2016-02-06 #9CB1B8 Spatula_clypeata
KY550969.1|H7N2|USA|Anas_platyrhynchos|2016-02-16 #D2CFCE Anas_platyrhynchos
KY550977.1|H7N3|USA|Anas_platyrhynchos|2016-02-16 #D2CFCE Anas_platyrhynchos
KY550985.1|H7N7|USA|Anas_platyrhynchos|2016-02-02 #D2CFCE Anas_platyrhynchos
KY550993.1|H3N8|USA|Anas_platyrhynchos|2015-09-08 #D2CFCE Anas_platyrhynchos
KY551001.1|H3N8|USA|Anas_platyrhynchos|2015-09-08 #D2CFCE Anas_platyrhynchos
KY551009.1|H3N8|USA|Anas_platyrhynchos|2015-09-08 #D2CFCE Anas_platyrhynchos
KY551017.1|H3N8|USA|Anas_platyrhynchos|2015-10-09 #D2CFCE Anas_platyrhynchos
KY551025.1|H7N3|USA|Anas_carolinensis|2015-12-01 #B7B2A1 Anas_carolinensis
KY551033.1|H7N7|USA|Anas_platyrhynchos|2016-01-02 #D2CFCE Anas_platyrhynchos
KY551041.1|H7N7|USA|Anas_platyrhynchos|2016-01-02 #D2CFCE Anas_platyrhynchos
KY551049.1|H7N7|USA|Anas_platyrhynchos|2016-01-02 #D2CFCE Anas_platyrhynchos
KY551057.1|H7N7|USA|Anas_platyrhynchos|2016-01-01 #D2CFCE Anas_platyrhynchos
KY551065.1|H7N3|USA|Spatula_clypeata|2016-01-04 #9CB1B8 Spatula_clypeata
KY551073.1|H7N3|USA|Anas_carolinensis|2016-01-09 #B7B2A1 Anas_carolinensis
KY551081.1|H7N3|USA|Anas_platyrhynchos|2016-01-29 #D2CFCE Anas_platyrhynchos
KY551089.1|H7N3|USA|Anas_carolinensis|2016-01-27 #B7B2A1 Anas_carolinensis
KY551097.1|H7N3|USA|Anas_carolinensis|2016-01-27 #B7B2A1 Anas_carolinensis
KY551105.1|H7N3|USA|Anas_carolinensis|2016-01-27 #B7B2A1 Anas_carolinensis
KY551113.1|H7N2|USA|Anas_carolinensis|2016-01-27 #B7B2A1 Anas_carolinensis
KY551121.1|H7N2|USA|Anas_carolinensis|2016-01-30 #B7B2A1 Anas_carolinensis
KY551129.1|H7N3|USA|Anas_carolinensis|2016-01-30 #B7B2A1 Anas_carolinensis
KY551137.1|H7N3|USA|Anas_platyrhynchos|2014 #D2CFCE Anas_platyrhynchos
KY551145.1|H7N3|USA|Anas_platyrhynchos|2010-01-08 #D2CFCE Anas_platyrhynchos
KY551161.1|H7N7|USA|Anas_platyrhynchos|2015-08-11 #D2CFCE Anas_platyrhynchos
KY551169.1|H7N7|USA|Anas_platyrhynchos|2015-09-15 #D2CFCE Anas_platyrhynchos
KY551177.1|H7N3|USA|Arenaria_interpres|2015-05-15 #D8C965 Arenaria_interpres
KY551185.1|H7N3|USA|Arenaria_interpres|2015-05-24 #D8C965 Arenaria_interpres
KY551193.1|H7N3|USA|Arenaria_interpres|2015-05-27 #D8C965 Arenaria_interpres
KY551201.1|H7N3|USA|Arenaria_interpres|2015-05-28 #D8C965 Arenaria_interpres
KY551209.1|H7N3|USA|Spatula_discors|2015-09-12 #E58882 Spatula_discors
KY551215.1|H3N8|USA|Anas_platyrhynchos|2015-09-27 #D2CFCE Anas_platyrhynchos
KY551223.1|H7N3|USA|Anas_platyrhynchos|2015-10-24 #D2CFCE Anas_platyrhynchos
KY551231.1|H3N8|USA|Spatula_discors|2015-09-12 #E58882 Spatula_discors
KY551239.1|H7N3|USA|Spatula_clypeata|2016-01-16 #9CB1B8 Spatula_clypeata
KY551247.1|H7N3|USA|Spatula_clypeata|2016-01-16 #9CB1B8 Spatula_clypeata
KY551255.1|H7N3|USA|Anas_carolinensis|2016-01-16 #B7B2A1 Anas_carolinensis
KY551262.1|H7N3|USA|Anas_carolinensis|2016-01-23 #B7B2A1 Anas_carolinensis
KY551270.1|H7N3|USA|Anas_platyrhynchos|2016-01-25 #D2CFCE Anas_platyrhynchos
KY551278.1|H7N3|USA|Spatula_clypeata|2014-12-31 #9CB1B8 Spatula_clypeata
KY551286.1|H7N3|USA|Anas_carolinensis|2015-01-02 #B7B2A1 Anas_carolinensis
KY551294.1|H7N4|USA|Anas_platyrhynchos|2015-01-07 #D2CFCE Anas_platyrhynchos
KY551302.1|H7N9|USA|Anas_carolinensis|2015-01-11 #B7B2A1 Anas_carolinensis
KY551310.1|H7N3|USA|Anas_carolinensis|2015-02-22 #B7B2A1 Anas_carolinensis
KY551318.1|H7N7|USA|Anas_platyrhynchos|2015-08-11 #D2CFCE Anas_platyrhynchos
KY551325.1|H3N8|USA|Anas_platyrhynchos|2015-08-20 #D2CFCE Anas_platyrhynchos
KY551333.1|H3N8|USA|Anas_carolinensis|2015-08-23 #B7B2A1 Anas_carolinensis
KY551341.1|H3N8|USA|Anas_platyrhynchos|2015-08-23 #D2CFCE Anas_platyrhynchos
KY551349.1|H7N3|USA|Anas_platyrhynchos|2015-12-03 #D2CFCE Anas_platyrhynchos
KY551357.1|H7N7|USA|Mareca_americana|2015-12-02 #ECB371 Mareca_americana
KY551365.1|H7N7|USA|Anas_cyanoptera|2015-12-09 #F7B762 Anas_cyanoptera
KY551373.1|H7N4|USA|Anas_platyrhynchos|2015-12-11 #D2CFCE Anas_platyrhynchos
KY551381.1|H7N2|USA|Anas_platyrhynchos|2015-12-17 #D2CFCE Anas_platyrhynchos
KY551389.1|H7N3|USA|Anas_platyrhynchos|2016-01-26 #D2CFCE Anas_platyrhynchos
KY551397.1|H7N3|USA|Anas_carolinensis|2016-02-03 #B7B2A1 Anas_carolinensis
KY551405.1|H7N3|USA|Anas_platyrhynchos|2016-02-03 #D2CFCE Anas_platyrhynchos
KY551413.1|H7N3|USA|Anas_carolinensis|2016-02-03 #B7B2A1 Anas_carolinensis
KY551421.1|H7N3|USA|Anas_platyrhynchos|2016-02-03 #D2CFCE Anas_platyrhynchos
KY551429.1|H7N3|USA|Anas_platyrhynchos|2016-02-03 #D2CFCE Anas_platyrhynchos
KY551437.1|H7N3|USA|Anas_platyrhynchos|2016-02-03 #D2CFCE Anas_platyrhynchos
KY551445.1|H7N3|USA|Anas_platyrhynchos|2016-02-03 #D2CFCE Anas_platyrhynchos
KY551453.1|H7N3|USA|Anas_platyrhynchos|2016-02-03 #D2CFCE Anas_platyrhynchos
KY551461.1|H7N3|USA|Anas_carolinensis|2016-02-03 #B7B2A1 Anas_carolinensis
KY551469.1|H7N3|USA|Anas_platyrhynchos|2016-02-03 #D2CFCE Anas_platyrhynchos
KY551477.1|H7N3|USA|Anas_platyrhynchos|2016-02-03 #D2CFCE Anas_platyrhynchos
KY551485.1|H7N3|USA|Anas_platyrhynchos|2016-02-11 #D2CFCE Anas_platyrhynchos
KY551493.1|H3N8|USA|Anas_platyrhynchos|2015-08-11 #D2CFCE Anas_platyrhynchos
KY551501.1|H3N8|USA|Anas_platyrhynchos|2015-08-11 #D2CFCE Anas_platyrhynchos
KY551509.1|H4N8|USA|Spatula_discors|2014 #E58882 Spatula_discors
KY551517.1|H3N8|USA|Anas_platyrhynchos|2014 #D2CFCE Anas_platyrhynchos
KY551525.1|H3N8|USA|Anas_platyrhynchos|2014 #D2CFCE Anas_platyrhynchos
KY402021.1|H10N8|China|Gallus_gallus|2015-01-26 #D5EEBA Gallus_gallus
KX960143.1|H5N1|China|Aves|2015-04-05 #BDE5BE Aves
KX960145.1|H5N1|China|Aves|2015-04-05 #BDE5BE Aves
KX960147.1|H5N1|China|Aves|2015-04-05 #BDE5BE Aves
KX960149.1|H5N1|China|Aves|2015-04-05 #BDE5BE Aves
KX960151.1|H5N1|China|Aves|2015-04-05 #BDE5BE Aves
KX960153.1|H5N1|China|Aves|2015-04-05 #BDE5BE Aves
KX960155.1|H5N1|China|Aves|2015-04-05 #BDE5BE Aves
KX960157.1|H5N1|China|Aves|2015-04-05 #BDE5BE Aves
KX960159.1|H5N1|China|Aves|2015-04-05 #BDE5BE Aves
KX960161.1|H5N1|China|Aves|2015-04-05 #BDE5BE Aves
KX960163.1|H5N1|China|Aves|2015-04-05 #BDE5BE Aves
KY286421.1|H7N9|China|Homo_sapiens|2013-02-27 #FF000D Homo_sapiens
KY272861.1|H2N2|USA|Galliformes|2016-06-07 #CB9297 Galliformes
KY272976.1|H2N2|USA|Meleagris_gallopavo|2015-03-25 #C8D166 Meleagris_gallopavo
KY272984.1|H2N2|USA|Galliformes|2016-05-20 #CB9297 Galliformes
KY321929.1|H3N2|China|Homo_sapiens|1968 #FF000D Homo_sapiens
KJ729345.1|H5N2|Mexico|Gallus_gallus|2007 #D5EEBA Gallus_gallus
KY063734.1|H5N1|USA|Gallus_gallus|2015-01-20 #D5EEBA Gallus_gallus
KY063742.1|H5N1|USA|Meleagris_gallopavo|2016-04-29 #C8D166 Meleagris_gallopavo
KY067447.1|H1N2|USA|Sus_scrofa|2016-08-31 #D1A7B7 Sus_scrofa
KY067450.1|H1N2|USA|Sus_scrofa|2016-10-19 #D1A7B7 Sus_scrofa
KT952274.1|H5N6|China|Columbidae|2014-06-19 #B8DA68 Columbidae
KX867859.1|H6N8|China|Aves|2016-01-07 #BDE5BE Aves
KX838901.1|H5N2|USA|Anas_platyrhynchos|2016-08-12 #D2CFCE Anas_platyrhynchos
KX228212.1|H4N6|United_Kingdom|Gallus_gallus|2014-05-24 #D5EEBA Gallus_gallus
KX228220.1|H4N6|United_Kingdom|Gallus_gallus|2014-06-24 #D5EEBA Gallus_gallus
KX789418.1|H1N1|India|Homo_sapiens|2015-03-14 #FF000D Homo_sapiens
KX789426.1|H1N1|India|Homo_sapiens|2015-03-21 #FF000D Homo_sapiens
KX789434.1|H1N1|India|Homo_sapiens|2015-03-23 #FF000D Homo_sapiens
KX789442.1|H1N1|India|Homo_sapiens|2015-03-25 #FF000D Homo_sapiens
KX789450.1|H1N1|India|Homo_sapiens|2015-03-25 #FF000D Homo_sapiens
KT225470.1|H1N2|Mexico|Sus_scrofa|2014-11-04 #D1A7B7 Sus_scrofa
KX675265.1|H1N2|USA|Sus_scrofa|2016-07-01 #D1A7B7 Sus_scrofa
KX675268.1|H1N2|USA|Sus_scrofa|2016-07-01 #D1A7B7 Sus_scrofa
KU141374.1|H5N2|Mexico|Sus_scrofa|2014-10-17 #D1A7B7 Sus_scrofa
KX595340.1|H9N2|China|Homo_sapiens|2015-11-30 #FF000D Homo_sapiens
KX269881.1|H1N2|China|Sus_scrofa|2012-03-01 #D1A7B7 Sus_scrofa
KX518663.1|H6N2|China|Anatidae|2014-12-20 #A5DCC2 Anatidae
KX421152.1|H9N2|China|Sus_scrofa|2012-09-21 #D1A7B7 Sus_scrofa
KX394199.1|H1N2|USA|Sus_scrofa|2016-05-27 #D1A7B7 Sus_scrofa
KX394202.1|H1N2|USA|Sus_scrofa|2016-05-25 #D1A7B7 Sus_scrofa
KX364459.1|H5N1|China|Sus_scrofa|2014-10-14 #D1A7B7 Sus_scrofa
KX364467.1|H5N1|China|Sus_scrofa|2014-11-03 #D1A7B7 Sus_scrofa
KX289637.1|H7N3|Mexico|Gallus_gallus|2016-01-26 #D5EEBA Gallus_gallus
KX289645.1|H7N3|Mexico|Gallus_gallus|2016-02-15 #D5EEBA Gallus_gallus
KX289653.1|H7N3|Mexico|Gallus_gallus|2016-02-16 #D5EEBA Gallus_gallus
KX351773.1|H5N2|USA|Meleagris_gallopavo|2015-04-16 #C8D166 Meleagris_gallopavo
KX351781.1|H5N2|USA|Meleagris_gallopavo|2015-04-18 #C8D166 Meleagris_gallopavo
KX351789.1|H5N2|USA|Gallus_gallus|2015-04-26 #D5EEBA Gallus_gallus
KX351887.1|H7N3|Mexico|Gallus_gallus|2016-01-28 #D5EEBA Gallus_gallus
KX351894.1|H7N3|Mexico|Gallus_gallus|2016-01-28 #D5EEBA Gallus_gallus
KX351902.1|H7N3|Mexico|Gallus_gallus|2016-02-11 #D5EEBA Gallus_gallus
KX351910.1|H7N3|Mexico|Gallus_gallus|2016-02-23 #D5EEBA Gallus_gallus
KX351918.1|H7N3|Mexico|Gallus_gallus|2016-02-25 #D5EEBA Gallus_gallus
KX351926.1|H7N3|Mexico|Gallus_gallus|2016-02-29 #D5EEBA Gallus_gallus
KX351937.1|H7N3|Mexico|Gallus_gallus|2016-01-28 #D5EEBA Gallus_gallus
KX351941.1|H7N3|Mexico|Gallus_gallus|2016-02-05 #D5EEBA Gallus_gallus
KX351953.1|H7N3|Mexico|Gallus_gallus|2016-01-28 #D5EEBA Gallus_gallus
KX296777.1|H1N1|China|Sus_scrofa|2014-12-10 #D1A7B7 Sus_scrofa
KX264371.1|H1N1|China|Sus_scrofa|2014-09-16 #D1A7B7 Sus_scrofa
KX094402.1|H5N6|China|Anatidae|2014-01-15 #A5DCC2 Anatidae
KX094410.1|H5N6|China|Anatidae|2014-01-15 #A5DCC2 Anatidae
KR073663.1|H9N2|China|Gallus_gallus|2014-11-15 #D5EEBA Gallus_gallus
JX094832.1|H5N1|China|Columbidae|2005-11-01 #B8DA68 Columbidae
KX023797.1|H1N1|USA|Homo_sapiens|2016-02-23 #FF000D Homo_sapiens
KU057290.1|H5N1|China|Phasianinae|2015-06-02 #BCDB79 Phasianinae
KU057298.1|H5N1|China|Phasianinae|2015-06-02 #BCDB79 Phasianinae
KX133412.1|H3N2|USA|Homo_sapiens|2016-03-18 #FF000D Homo_sapiens
KX028873.1|H1N1|USA|Homo_sapiens|2016-02-18 #FF000D Homo_sapiens
KX028881.1|H1N1|USA|Homo_sapiens|2016-02-19 #FF000D Homo_sapiens
KU888855.1|H3N2|USA|Homo_sapiens|2014-12-30 #FF000D Homo_sapiens
KR063689.1|H5N6|China|Homo_sapiens|2014-02-23 #FF000D Homo_sapiens
KU740206.1|H7N3|USA|Phasianinae|2014-08-19 #BCDB79 Phasianinae
KU758924.1|H1N1|USA|Homo_sapiens|2016-01-29 #FF000D Homo_sapiens
KU762415.1|H1N1|USA|Homo_sapiens|2016-01-31 #FF000D Homo_sapiens
KU762418.1|H1N1|USA|Homo_sapiens|2016-02-03 #FF000D Homo_sapiens
KU558908.1|H7N8|USA|Meleagris_gallopavo|2016-01-14 #C8D166 Meleagris_gallopavo
KU585910.1|H7N8|USA|Meleagris_gallopavo|2016-01-15 #C8D166 Meleagris_gallopavo
KU585918.1|H7N8|USA|Meleagris_gallopavo|2016-01 #C8D166 Meleagris_gallopavo
KU517810.1|H1N1|USA|Homo_sapiens|2015-12-09 #FF000D Homo_sapiens
KU318991.1|H7N9|China|Gallus_gallus|2014-01-10 #D5EEBA Gallus_gallus
KU362569.1|H3N2|USA|Sus_scrofa|2015-12-07 #D1A7B7 Sus_scrofa
KU362572.1|H1N1|USA|Sus_scrofa|2015-12-07 #D1A7B7 Sus_scrofa
KJ522763.1|H7N3|China|Anatidae|2009-04-17 #A5DCC2 Anatidae
KJ522767.1|H5N1|China|Gallus_gallus|2010-10-17 #D5EEBA Gallus_gallus
KJ683890.1|H5N1|China|Gallus_gallus|2014-02-10 #D5EEBA Gallus_gallus
KU201610.1|H5N2|USA|Anser_caerulescens|2015-03 #CCD893 Anser_caerulescens
KU201618.1|H5N8|USA|Mareca_americana|2015-01-02 #ECB371 Mareca_americana
KU201626.1|H5N2|USA|Anas_platyrhynchos|2015-01-05 #D2CFCE Anas_platyrhynchos
KU201634.1|H5N2|USA|Anas_platyrhynchos|2015-01-05 #D2CFCE Anas_platyrhynchos
KU201642.1|H5N2|USA|Aix_sponsa|2015-01-03 #DBD4AE Aix_sponsa
KU201650.1|H5N2|USA|Aix_sponsa|2015-01-03 #DBD4AE Aix_sponsa
KU201658.1|H5N2|USA|Aix_sponsa|2015-01-03 #DBD4AE Aix_sponsa
KU201666.1|H5N2|USA|Spatula_clypeata|2015-01-03 #9CB1B8 Spatula_clypeata
KU201674.1|H5N2|USA|Spatula_clypeata|2015-01-03 #9CB1B8 Spatula_clypeata
KU201682.1|H5N2|USA|Spatula_clypeata|2015-01-03 #9CB1B8 Spatula_clypeata
KU201690.1|H5N8|USA|Anas_platyrhynchos|2015-01-07 #D2CFCE Anas_platyrhynchos
KU201698.1|H5N2|USA|Anas_platyrhynchos|2015-01-07 #D2CFCE Anas_platyrhynchos
KU201706.1|H5N2|USA|Anas_acuta|2015-01-12 #82B1D0 Anas_acuta
KU201714.1|H5N2|USA|Anas_platyrhynchos|2015-01-17 #D2CFCE Anas_platyrhynchos
KU201722.1|H5N2|USA|Anas_platyrhynchos|2015-01-17 #D2CFCE Anas_platyrhynchos
KU201730.1|H5N2|USA|Anas_carolinensis|2015-01-18 #B7B2A1 Anas_carolinensis
KU201738.1|H5N2|USA|Anas_carolinensis|2015-01-14 #B7B2A1 Anas_carolinensis
KU201746.1|H5N8|USA|Branta_canadensis|2015-01-18 #EBD0C8 Branta_canadensis
KU201754.1|H5N8|USA|Mareca_americana|2015-01-18 #ECB371 Mareca_americana
KU201762.1|H5N8|USA|Anas_platyrhynchos|2015-01-23 #D2CFCE Anas_platyrhynchos
KU201770.1|H5N8|USA|Anas_platyrhynchos|2014-12-22 #D2CFCE Anas_platyrhynchos
KU201778.1|H5N8|USA|Anas_platyrhynchos|2014-12-22 #D2CFCE Anas_platyrhynchos
KU201786.1|H5N2|USA|Anas_platyrhynchos|2014-12-20 #D2CFCE Anas_platyrhynchos
KU201794.1|H5N8|USA|Gallus_gallus|2015-02-06 #D5EEBA Gallus_gallus
KU201802.1|H5N8|USA|Haliaeetus_leucocephalus|2015-01-20 #FACDE2 Haliaeetus_leucocephalus
KU201810.1|H5N2|USA|Anas_acuta|2014-12-23 #82B1D0 Anas_acuta
KU201818.1|H5N2|USA|Anas_platyrhynchos|2014-12-22 #D2CFCE Anas_platyrhynchos
KU201826.1|H5N8|USA|Mareca_americana|2014-12-30 #ECB371 Mareca_americana
KU201834.1|H5N2|USA|Anas_platyrhynchos|2015-01-01 #D2CFCE Anas_platyrhynchos
KU201842.1|H5N8|USA|Anas_acuta|2014-12-29 #82B1D0 Anas_acuta
KU201850.1|H5N2|USA|Anas_platyrhynchos|2015-01-10 #D2CFCE Anas_platyrhynchos
KU201858.1|H5N1|USA|Mareca_americana|2015-01-02 #ECB371 Mareca_americana
KU201866.1|H5N1|USA|Mareca_americana|2015-01-02 #ECB371 Mareca_americana
KU201874.1|H5N8|USA|Anas_platyrhynchos|2014-12-24 #D2CFCE Anas_platyrhynchos
KU201882.1|H5N8|USA|Mareca_americana|2014-12-16 #ECB371 Mareca_americana
KU201890.1|H5N8|USA|Mareca_americana|2014-12-16 #ECB371 Mareca_americana
KU201898.1|H5N2|USA|Anas_platyrhynchos|2014-12-08 #D2CFCE Anas_platyrhynchos
KU201906.1|H5N8|USA|Falco_peregrinus|2014-12-29 #F5CFE2 Falco_peregrinus
KU201914.1|H5N2|USA|Anas_platyrhynchos|2014-12-23 #D2CFCE Anas_platyrhynchos
KU201922.1|H5N2|USA|Branta_canadensis|2014-12-30 #EBD0C8 Branta_canadensis
KU201930.1|H5N2|USA|Accipiter_cooperii|2015-04-14 #EDD1E0 Accipiter_cooperii
KU201938.1|H5N2|USA|Bubo_scandiacus|2015-04-13 #E6D4DD Bubo_scandiacus
KU201945.2|H5N2|USA|Branta_canadensis|2015-03-13 #EBD0C8 Branta_canadensis
KT221068.2|H5N8|China|Anatidae|2014-02-27 #A5DCC2 Anatidae
KT221076.1|H5N8|China|Anatidae|2014-04-11 #A5DCC2 Anatidae
KT221084.1|H5N8|China|Anatidae|2014-04-20 #A5DCC2 Anatidae
KU171015.1|H9N2|United_Kingdom|Meleagris_gallopavo|2013-04-14 #C8D166 Meleagris_gallopavo
KU171017.1|H9N2|United_Kingdom|Meleagris_gallopavo|2013-04-14 #C8D166 Meleagris_gallopavo
KM411630.1|H9N2|China|Gallus_gallus|2010-05-11 #D5EEBA Gallus_gallus
KT762886.1|H5N2|USA|Gallus_gallus|2015-04-01 #D5EEBA Gallus_gallus
KT762894.1|H5N2|USA|Meleagris_gallopavo|2015-04-10 #C8D166 Meleagris_gallopavo
KT762902.1|H5N2|USA|Gallus_gallus|2015-06-01 #D5EEBA Gallus_gallus
KT762910.1|H5N2|USA|Meleagris_gallopavo|2015-04-14 #C8D166 Meleagris_gallopavo
KT762918.1|H5N2|USA|Meleagris_gallopavo|2015-04-21 #C8D166 Meleagris_gallopavo
KT762926.1|H5N2|USA|Gallus_gallus|2015-04-26 #D5EEBA Gallus_gallus
KT762934.1|H5N2|USA|Meleagris_gallopavo|2015-03-30 #C8D166 Meleagris_gallopavo
KT762942.1|H5N2|USA|Gallus_gallus|2015-05-29 #D5EEBA Gallus_gallus
KT762950.1|H5N2|USA|Gallus_gallus|2015-04-08 #D5EEBA Gallus_gallus
KT762958.1|H5N2|USA|Gallus_gallus|2015-04-13 #D5EEBA Gallus_gallus
KT368794.1|H9N2|China|Gallus_gallus|2008-02-10 #D5EEBA Gallus_gallus
KM496989.1|H1N1|Brazil|Sus_scrofa|2012-02-10 #D1A7B7 Sus_scrofa
KM497005.1|H1N1|Brazil|Sus_scrofa|2012-11-27 #D1A7B7 Sus_scrofa
KT280934.1|H5N2|USA|Gallus_gallus|2015-04-27 #D5EEBA Gallus_gallus
KT164853.1|H9N2|China|Gallus_gallus|2014-05-28 #D5EEBA Gallus_gallus
KM507513.1|H3N2|Brazil|Sus_scrofa|2011-11-10 #D1A7B7 Sus_scrofa
KM507521.1|H1N2|Brazil|Sus_scrofa|2011-07-06 #D1A7B7 Sus_scrofa
KM507531.1|H1N2|Brazil|Sus_scrofa|2011-08-17 #D1A7B7 Sus_scrofa
KM977627.1|H9N2|China|Gallus_gallus|2008-03-02 #D5EEBA Gallus_gallus
KT002475.1|H5N2|USA|Meleagris_gallopavo|2015-04-12 #C8D166 Meleagris_gallopavo
KT002483.1|H5N2|USA|Meleagris_gallopavo|2015-04-25 #C8D166 Meleagris_gallopavo
KT002491.1|H5N2|USA|Gallus_gallus|2015-04-25 #D5EEBA Gallus_gallus
KT002499.1|H5N2|USA|Meleagris_gallopavo|2015-04-30 #C8D166 Meleagris_gallopavo
KT002507.1|H5N2|USA|Meleagris_gallopavo|2015-05-01 #C8D166 Meleagris_gallopavo
KT002515.1|H5N2|USA|Gallus_gallus|2015-05-01 #D5EEBA Gallus_gallus
KT002523.1|H5N2|USA|Gallus_gallus|2015-04-30 #D5EEBA Gallus_gallus
KT002530.1|H5N2|USA|Gallus_gallus|2015-05-04 #D5EEBA Gallus_gallus
KR870239.1|H11N9|USA|Anatidae|2012-02-01 #A5DCC2 Anatidae
KR905375.1|H7N9|China|Anatidae|2013-04 #A5DCC2 Anatidae
KR905378.1|H7N9|China|Gallus_gallus|2013-04 #D5EEBA Gallus_gallus
KR905381.1|H7N9|China|Anatidae|2013-04 #A5DCC2 Anatidae
KR703242.1|H3N8|China|Anatidae|2014-12 #A5DCC2 Anatidae
KJ907472.1|H5N1|Thailand|Homo_sapiens|2006-08-10 #FF000D Homo_sapiens
KR137656.1|H5N2|Taiwan|Gallus_gallus|2015-01-15 #D5EEBA Gallus_gallus
KR137664.1|H5N2|Taiwan|Gallus_gallus|2015-01-22 #D5EEBA Gallus_gallus
KR137672.1|H5N2|Taiwan|Gallus_gallus|2015-01-23 #D5EEBA Gallus_gallus
KR137680.1|H5N2|Taiwan|Gallus_gallus|2015-01-26 #D5EEBA Gallus_gallus
KR137688.1|H5N2|Taiwan|Gallus_gallus|2015-01-29 #D5EEBA Gallus_gallus
KR137696.1|H5N2|Taiwan|Gallus_gallus|2015-01-29 #D5EEBA Gallus_gallus
KR137704.1|H5N2|Taiwan|Gallus_gallus|2013-05-17 #D5EEBA Gallus_gallus
KR137712.1|H5N2|Taiwan|Gallus_gallus|2014-04-17 #D5EEBA Gallus_gallus
KR233984.1|H5N2|USA|Meleagris_gallopavo|2015-03-26 #C8D166 Meleagris_gallopavo
KR233992.1|H5N2|USA|Gallus_gallus|2015-01-29 #D5EEBA Gallus_gallus
KR234000.1|H5N2|USA|Gallus_gallus|2015-02-11 #D5EEBA Gallus_gallus
KR234008.1|H5N2|USA|Meleagris_gallopavo|2015-02-27 #C8D166 Meleagris_gallopavo
KR234016.1|H5N2|USA|Meleagris_gallopavo|2015-03-06 #C8D166 Meleagris_gallopavo
KR234024.1|H5N2|USA|Meleagris_gallopavo|2015-03-08 #C8D166 Meleagris_gallopavo
KR234032.1|H5N2|USA|Gallus_gallus|2015-03-12 #D5EEBA Gallus_gallus
KR234040.1|H5N2|USA|Meleagris_gallopavo|2015-03-25 #C8D166 Meleagris_gallopavo
KR492976.1|H5N2|USA|Gallus_gallus|2015-04-20 #D5EEBA Gallus_gallus
KJ690583.1|H4N6|China|Anatidae|2012-10-02 #A5DCC2 Anatidae
KM873648.1|H5N6|China|Anser_cygnoides|2014-06-01 #DFD6DB Anser_cygnoides
KR150895.1|H7N3|USA|Meleagris_gallopavo|2015-03-09 #C8D166 Meleagris_gallopavo
KR150903.1|H5N8|USA|Meleagris_gallopavo|2015-01-21 #C8D166 Meleagris_gallopavo
KR150911.1|H5N2|USA|Phasianinae|2015-01-26 #BCDB79 Phasianinae
KP969032.1|H7N9|China|Homo_sapiens|2013-04-04 #FF000D Homo_sapiens
KJ549788.1|H7N9|China|Gallus_gallus|2014-01-21 #D5EEBA Gallus_gallus
KJ683882.1|H5N2|China|Gallus_gallus|2014-01-16 #D5EEBA Gallus_gallus
KJ195794.1|H7N9|China|Homo_sapiens|2014-01-17 #FF000D Homo_sapiens
KJ195799.1|H7N9|China|Homo_sapiens|2014-01-17 #FF000D Homo_sapiens
KP674445.1|H5N2|USA|Gallus_gallus|1985 #D5EEBA Gallus_gallus
KP739383.1|H5N2|USA|Gallus_gallus|2014-12-30 #D5EEBA Gallus_gallus
KP739391.1|H5N2|USA|Anas_platyrhynchos|2014-12-30 #D2CFCE Anas_platyrhynchos
KP739399.1|H5N2|USA|Meleagris_gallopavo|2014-12-30 #C8D166 Meleagris_gallopavo
KP739407.1|H5N8|USA|Gallus_gallus|2014-12-16 #D5EEBA Gallus_gallus
KP739415.1|H5N8|USA|Numididae_sp.|2014-12-16 #B19DAB Numididae_sp.
KP455980.1|H7N9|China|Anatidae|2013-04-06 #A5DCC2 Anatidae
KP739423.1|H5N1|USA|Anas_carolinensis|2014-12-29 #B7B2A1 Anas_carolinensis
KP307978.1|H5N2|USA|Anas_acuta|2014-12-08 #82B1D0 Anas_acuta
KP307986.1|H5N8|USA|Falco_rusticolus|2014-12-08 #D7D5D7 Falco_rusticolus
KM100134.1|H2N2|China|Anatidae|2013-07-10 #A5DCC2 Anatidae
KJ476659.1|H5N8|China|Anas_platyrhynchos|2013-11-13 #D2CFCE Anas_platyrhynchos
KP003922.1|H13N2|Chile|Leucophaeus_pipixcan|2007-12-04 #D1C2D2 Leucophaeus_pipixcan
KP027617.1|H9N2|Egypt|Gallus_gallus|2014-01 #D5EEBA Gallus_gallus
KP027633.1|H9N2|Egypt|Gallus_gallus|2014-05 #D5EEBA Gallus_gallus
KP027603.1|H1N1|Brazil|Sus_scrofa|2013-08-07 #D1A7B7 Sus_scrofa
KM594558.1|H1N1|China|Sus_scrofa|2014-01-04 #D1A7B7 Sus_scrofa
KM607861.1|H1N1|China|Homo_sapiens|2014-01-10 #FF000D Homo_sapiens
KF680292.1|H1N2|Brazil|Sus_scrofa|2011-02-25 #D1A7B7 Sus_scrofa
KF683616.1|H1N1|Brazil|Sus_scrofa|2010-07-14 #D1A7B7 Sus_scrofa
KM455883.1|H5N2|Mexico|Gallus_gallus|2006 #D5EEBA Gallus_gallus
KM455891.1|H5N2|Mexico|Gallus_gallus|2005 #D5EEBA Gallus_gallus
KM455899.1|H5N2|Mexico|Gallus_gallus|2005 #D5EEBA Gallus_gallus
KM455907.1|H5N2|Mexico|Gallus_gallus|2005 #D5EEBA Gallus_gallus
KM455915.1|H5N2|Mexico|Gallus_gallus|2005 #D5EEBA Gallus_gallus
KM455923.1|H5N2|Mexico|Gallus_gallus|2006 #D5EEBA Gallus_gallus
KM455931.1|H5N2|Mexico|Gallus_gallus|2006 #D5EEBA Gallus_gallus
KM455939.1|H5N2|Mexico|Gallus_gallus|2006 #D5EEBA Gallus_gallus
KM455947.1|H5N2|Mexico|Gallus_gallus|2006 #D5EEBA Gallus_gallus
KM368315.1|H1N1|China|Sus_scrofa|2009-06 #D1A7B7 Sus_scrofa
KJ397916.1|H5N1|Bangladesh|Aves|2010-12 #BDE5BE Aves
KJ397921.1|H5N1|Bangladesh|Aves|2010-12 #BDE5BE Aves
KM373940.1|H10N7|USA|Spatula_clypeata|2013-05 #9CB1B8 Spatula_clypeata
KM373948.1|H4N6|USA|Anas_platyrhynchos|2013-08-21 #D2CFCE Anas_platyrhynchos
KM373956.1|H4N6|USA|Anas_platyrhynchos|2013-08-21 #D2CFCE Anas_platyrhynchos
KM373964.2|H4N6|USA|Anas_platyrhynchos|2013-08-21 #D2CFCE Anas_platyrhynchos
KM373972.1|H3N8|USA|Anas_platyrhynchos|2013-08-21 #D2CFCE Anas_platyrhynchos
KM373980.1|H4N6|USA|Anas_platyrhynchos|2013-08-21 #D2CFCE Anas_platyrhynchos
KM373988.1|H4N6|USA|Anas_platyrhynchos|2013-08-21 #D2CFCE Anas_platyrhynchos
KM373996.1|H4N8|USA|Anas_platyrhynchos|2013-08-28 #D2CFCE Anas_platyrhynchos
KM374004.1|H4N8|USA|Anas_platyrhynchos|2013-08-28 #D2CFCE Anas_platyrhynchos
KM374012.1|H4N8|USA|Anas_platyrhynchos|2013-08-28 #D2CFCE Anas_platyrhynchos
KM374020.1|H13N6|USA|Larus_argentatus|2013-09-03 #CBAFCC Larus_argentatus
KM374028.1|H3N8|USA|Anas_platyrhynchos|2013-09-08 #D2CFCE Anas_platyrhynchos
KM374036.1|H3N8|USA|Spatula_discors|2013-09-10 #E58882 Spatula_discors
KM374044.1|H7N9|China|Homo_sapiens|2014-02-08 #FF000D Homo_sapiens
KM276892.1|H1N1|Taiwan|Sus_scrofa|2013-11-01 #D1A7B7 Sus_scrofa
KM276894.1|H1N1|Taiwan|Sus_scrofa|2013-11-01 #D1A7B7 Sus_scrofa
KM276897.1|H1N2|Taiwan|Sus_scrofa|2013-11-27 #D1A7B7 Sus_scrofa
KM276900.1|H3N2|Taiwan|Sus_scrofa|2013-11-27 #D1A7B7 Sus_scrofa
KM276903.1|H1N2|Taiwan|Sus_scrofa|2013-12-27 #D1A7B7 Sus_scrofa
KM276906.1|H3N1|Taiwan|Sus_scrofa|2013-03-06 #D1A7B7 Sus_scrofa
KM276909.1|H1N2|Taiwan|Sus_scrofa|2013-06-13 #D1A7B7 Sus_scrofa
KM276912.1|H1N2|Taiwan|Sus_scrofa|2013-08-07 #D1A7B7 Sus_scrofa
KM276915.1|H3N1|Taiwan|Sus_scrofa|2013-10-18 #D1A7B7 Sus_scrofa
KM276918.1|H1N2|Taiwan|Sus_scrofa|2013-12-27 #D1A7B7 Sus_scrofa
KM244054.1|H6N2|USA|Gallus_gallus|2010-01-04 #D5EEBA Gallus_gallus
KM244062.1|H12N5|USA|Numididae|2013-04-17 #C59DC6 Numididae
KM244070.1|H6N8|USA|Meleagris_gallopavo|2013-12-02 #C8D166 Meleagris_gallopavo
KM244078.1|H1N1|USA|Meleagris_gallopavo|2014-02-03 #C8D166 Meleagris_gallopavo
KM244094.1|H6N5|USA|Gallus_gallus|2014-03-19 #D5EEBA Gallus_gallus
KM244102.1|H7N7|USA|Gallus_gallus|2014-04-02 #D5EEBA Gallus_gallus
KM244110.1|H6N2|USA|Gallus_gallus|2014 #D5EEBA Gallus_gallus
KM244116.1|H4N2|USA|Meleagris_gallopavo|2014-05-21 #C8D166 Meleagris_gallopavo
KM213382.1|H2N7|Iceland|Arenaria_interpres|2012-05-20 #D8C965 Arenaria_interpres
KM213392.1|H5N1|Iceland|Arenaria_interpres|2013-05-23 #D8C965 Arenaria_interpres
KJ938652.1|H9N9|China|Gallus_gallus|2013-12-20 #D5EEBA Gallus_gallus
KM061011.1|H3N2|China|Sus_scrofa|2013-04-01 #D1A7B7 Sus_scrofa
KM061019.1|H3N2|China|Sus_scrofa|2013-06 #D1A7B7 Sus_scrofa
KJ942594.1|H3N2|USA|Homo_sapiens|2011 #FF000D Homo_sapiens
KJ942602.1|H1N1|nonRec|Homo_sapiens|nonRec #FF000D Homo_sapiens
KJ942610.1|H3N2|USA|Homo_sapiens|2012 #FF000D Homo_sapiens
KJ942618.1|H3N2|USA|Homo_sapiens|2012 #FF000D Homo_sapiens
KJ942626.1|H3N2|USA|Homo_sapiens|2010 #FF000D Homo_sapiens
KJ942634.1|H1N1|nonRec|Homo_sapiens|nonRec #FF000D Homo_sapiens
KJ942642.1|H3N2|USA|Homo_sapiens|nonRec #FF000D Homo_sapiens
KJ942650.1|H3N2|nonRec|Homo_sapiens|nonRec #FF000D Homo_sapiens
KJ942658.1|H3N2|nonRec|Homo_sapiens|nonRec #FF000D Homo_sapiens
KJ942666.1|H3N2|USA|Homo_sapiens|nonRec #FF000D Homo_sapiens
KJ942674.1|H3N2|USA|Homo_sapiens|nonRec #FF000D Homo_sapiens
KJ942682.1|H3N2|Australia|Homo_sapiens|2011 #FF000D Homo_sapiens
KJ942690.1|H3N2|USA|Homo_sapiens|2012 #FF000D Homo_sapiens
KJ942698.1|H3N2|USA|Homo_sapiens|nonRec #FF000D Homo_sapiens
KJ942706.1|H3N2|USA|Homo_sapiens|2012 #FF000D Homo_sapiens
KJ942714.1|H3N2|USA|Homo_sapiens|nonRec #FF000D Homo_sapiens
KJ942722.1|H3N2|USA|Homo_sapiens|nonRec #FF000D Homo_sapiens
KJ942730.1|H1N1|nonRec|Homo_sapiens|nonRec #FF000D Homo_sapiens
KJ942738.1|H3N2|USA|Homo_sapiens|nonRec #FF000D Homo_sapiens
KJ942746.1|H3N2|USA|Homo_sapiens|nonRec #FF000D Homo_sapiens
KJ942754.1|H3N2|nonRec|Homo_sapiens|nonRec #FF000D Homo_sapiens
KJ942762.1|H3N2|USA|Homo_sapiens|nonRec #FF000D Homo_sapiens
KJ942770.1|H3N2|nonRec|Homo_sapiens|nonRec #FF000D Homo_sapiens
KJ942778.1|H3N2|USA|Homo_sapiens|nonRec #FF000D Homo_sapiens
KJ942786.1|H3N2|USA|Homo_sapiens|nonRec #FF000D Homo_sapiens
KJ942794.1|H3N2|Australia|Homo_sapiens|2011 #FF000D Homo_sapiens
KJ942802.1|H3N2|USA|Homo_sapiens|nonRec #FF000D Homo_sapiens
KJ942810.1|H1N1|nonRec|Homo_sapiens|nonRec #FF000D Homo_sapiens
KJ942905.1|H1N1|Chile|Homo_sapiens|2013-07-09 #FF000D Homo_sapiens
KJ942913.1|H3N2|Chile|Homo_sapiens|2012-06-22 #FF000D Homo_sapiens
KJ942921.1|H3N2|Chile|Homo_sapiens|2012-06-28 #FF000D Homo_sapiens
KJ942937.1|H3N2|Chile|Homo_sapiens|2013-08-30 #FF000D Homo_sapiens
KJ942945.1|H3N2|Chile|Homo_sapiens|2013-08-29 #FF000D Homo_sapiens
KJ942953.1|H3N2|Chile|Homo_sapiens|2012-07-06 #FF000D Homo_sapiens
KJ942961.1|H3N2|Chile|Homo_sapiens|2012-10-31 #FF000D Homo_sapiens
KJ942969.1|H1N1|Chile|Homo_sapiens|2013-06-19 #FF000D Homo_sapiens
KJ942977.1|H3N2|Chile|Homo_sapiens|2012-07-05 #FF000D Homo_sapiens
KJ942993.1|H3N2|Chile|Homo_sapiens|2012-10-30 #FF000D Homo_sapiens
KJ943001.1|H1N1|Chile|Homo_sapiens|2013-07-08 #FF000D Homo_sapiens
KJ943020.1|H3N2|Chile|Homo_sapiens|2012-07-24 #FF000D Homo_sapiens
KJ943028.1|H3N2|Chile|Homo_sapiens|2013-08-07 #FF000D Homo_sapiens
KJ943036.1|H1N1|Chile|Homo_sapiens|2013-06-20 #FF000D Homo_sapiens
KJ943044.1|H1N1|Chile|Homo_sapiens|2013-06-20 #FF000D Homo_sapiens
KJ943060.1|H3N2|Chile|Homo_sapiens|2013-07-12 #FF000D Homo_sapiens
KJ943068.1|H3N2|Chile|Homo_sapiens|2012-06-29 #FF000D Homo_sapiens
KJ943076.1|H3N2|Chile|Homo_sapiens|2013-08-31 #FF000D Homo_sapiens
KJ943084.1|H1N1|Chile|Homo_sapiens|2013-06-21 #FF000D Homo_sapiens
KJ943095.1|H3N2|Chile|Homo_sapiens|2012-12-27 #FF000D Homo_sapiens
KJ943103.1|H3N2|Chile|Homo_sapiens|2012-11-08 #FF000D Homo_sapiens
KJ943111.1|H3N2|Chile|Homo_sapiens|2012-06-23 #FF000D Homo_sapiens
KJ943119.1|H1N1|Chile|Homo_sapiens|2011-08-01 #FF000D Homo_sapiens
KJ943140.1|H3N2|Chile|Homo_sapiens|2012-06-20 #FF000D Homo_sapiens
KJ943148.1|H3N2|Chile|Homo_sapiens|2012-06-21 #FF000D Homo_sapiens
KJ943156.1|H3N2|Chile|Homo_sapiens|2012-11-02 #FF000D Homo_sapiens
KJ943164.1|H3N2|Chile|Homo_sapiens|2013-07-15 #FF000D Homo_sapiens
KJ943172.1|H1N1|Chile|Homo_sapiens|2011-08-02 #FF000D Homo_sapiens
KJ943185.1|H3N2|Chile|Homo_sapiens|2012-06-28 #FF000D Homo_sapiens
KJ943193.1|H3N2|Chile|Homo_sapiens|2013-08-08 #FF000D Homo_sapiens
KJ943202.1|H1N1|Chile|Homo_sapiens|2013-06-13 #FF000D Homo_sapiens
KJ943210.1|H1N1|Chile|Homo_sapiens|2011-08-03 #FF000D Homo_sapiens
KJ943218.1|H3N2|Chile|Homo_sapiens|2013-09-02 #FF000D Homo_sapiens
KJ943226.1|H1N1|Chile|Homo_sapiens|2013-06-22 #FF000D Homo_sapiens
KJ943234.1|H1N1|Chile|Homo_sapiens|2013-06-21 #FF000D Homo_sapiens
KJ943242.1|H3N2|Chile|Homo_sapiens|2012-12-29 #FF000D Homo_sapiens
KJ943250.1|H3N2|Chile|Homo_sapiens|2012-06-01 #FF000D Homo_sapiens
KJ943376.1|H1N1|Chile|Homo_sapiens|2011-08-02 #FF000D Homo_sapiens
KJ943390.1|H1N1|Chile|Homo_sapiens|2011-07-12 #FF000D Homo_sapiens
KJ943414.1|H1N1|Chile|Homo_sapiens|2011-08-22 #FF000D Homo_sapiens
KJ943422.1|H1N1|Chile|Homo_sapiens|2011-08-25 #FF000D Homo_sapiens
KJ943430.1|H1N1|Chile|Homo_sapiens|2011-07-31 #FF000D Homo_sapiens
KJ943450.1|H1N1|Chile|Homo_sapiens|2011-08-22 #FF000D Homo_sapiens
KJ943458.1|H1N1|Chile|Homo_sapiens|2011-08-27 #FF000D Homo_sapiens
KJ943466.1|H1N1|Chile|Homo_sapiens|2011-08-02 #FF000D Homo_sapiens
KJ943472.1|H1N1|Chile|Homo_sapiens|2011-08-23 #FF000D Homo_sapiens
KJ943480.1|H1N1|Chile|Homo_sapiens|2011-08-16 #FF000D Homo_sapiens
KJ943502.1|H1N1|Chile|Homo_sapiens|2011-08-20 #FF000D Homo_sapiens
KJ943510.1|H1N1|Chile|Homo_sapiens|2011-08-05 #FF000D Homo_sapiens
KJ943559.1|H3N2|Chile|Homo_sapiens|2012-07-21 #FF000D Homo_sapiens
KJ943567.1|H3N2|Chile|Homo_sapiens|2012-06-14 #FF000D Homo_sapiens
KJ943575.1|H3N2|Chile|Homo_sapiens|2012-06-14 #FF000D Homo_sapiens
KJ943583.1|H3N2|Chile|Homo_sapiens|2012-06-25 #FF000D Homo_sapiens
KJ943591.1|H3N2|Chile|Homo_sapiens|2012-06-23 #FF000D Homo_sapiens
KJ943599.1|H3N2|Chile|Homo_sapiens|2012-06-21 #FF000D Homo_sapiens
KJ943611.1|H3N2|Chile|Homo_sapiens|2012-06-06 #FF000D Homo_sapiens
KJ943620.1|H3N2|Chile|Homo_sapiens|2012-07-20 #FF000D Homo_sapiens
KJ943628.1|H3N2|Chile|Homo_sapiens|2012-07-05 #FF000D Homo_sapiens
KJ943636.1|H3N2|Chile|Homo_sapiens|2012-06-20 #FF000D Homo_sapiens
KJ943644.1|H3N2|Chile|Homo_sapiens|2012-06-22 #FF000D Homo_sapiens
KJ943666.1|H3N2|Chile|Homo_sapiens|2012-06-24 #FF000D Homo_sapiens
KJ943674.1|H3N2|Chile|Homo_sapiens|2012-07-26 #FF000D Homo_sapiens
KJ943680.1|H3N2|Chile|Homo_sapiens|2012-07-07 #FF000D Homo_sapiens
KJ943688.1|H3N2|Chile|Homo_sapiens|2012-06-05 #FF000D Homo_sapiens
KJ943701.1|H3N2|Chile|Homo_sapiens|2012-06-26 #FF000D Homo_sapiens
KJ943714.1|H3N2|Chile|Homo_sapiens|2012-06-19 #FF000D Homo_sapiens
KJ943722.1|H3N2|Chile|Homo_sapiens|2012-07-06 #FF000D Homo_sapiens
KJ943731.1|H3N2|Chile|Homo_sapiens|2012-06-18 #FF000D Homo_sapiens
KJ943739.1|H3N2|Chile|Homo_sapiens|2012-06-22 #FF000D Homo_sapiens
KJ943753.1|H3N2|Chile|Homo_sapiens|2012-07-21 #FF000D Homo_sapiens
KJ943761.1|H3N2|Chile|Homo_sapiens|2012-06-23 #FF000D Homo_sapiens
KJ943769.1|H3N2|Chile|Homo_sapiens|2012-06-13 #FF000D Homo_sapiens
KJ943777.1|H3N2|Chile|Homo_sapiens|2012-06-25 #FF000D Homo_sapiens
KJ943785.1|H3N2|Chile|Homo_sapiens|2012-06-16 #FF000D Homo_sapiens
KF918661.1|H7N9|China|Homo_sapiens|2013-04-02 #FF000D Homo_sapiens
KJ946416.1|H1N1|China|Homo_sapiens|2014-01-03 #FF000D Homo_sapiens
KJ946418.1|H7N9|China|Homo_sapiens|2014-01-03 #FF000D Homo_sapiens
KJ411977.1|H7N9|China|Homo_sapiens|2014-01-03 #FF000D Homo_sapiens
KJ719461.1|H5N2|China|Gallus_gallus|2010-05 #D5EEBA Gallus_gallus
KJ645763.1|H1N1|USA|Homo_sapiens|2013-12-04 #FF000D Homo_sapiens
KJ645771.1|H1N1|USA|Homo_sapiens|2014-01-15 #FF000D Homo_sapiens
KJ623711.1|H3N2|Italy|Homo_sapiens|2014-01 #FF000D Homo_sapiens
KC684447.1|H5N1|Malaysia|Gallus_gallus|2004-08-17 #D5EEBA Gallus_gallus
KJ439218.1|H3N2|USA|Homo_sapiens|2014-02-04 #FF000D Homo_sapiens
KJ508892.1|H7N9|China|Passer_montanus|2013-05-09 #BF8AC0 Passer_montanus
KJ162066.1|H7N1|USA|Aves|1994-02-22 #BDE5BE Aves
KJ174939.1|H5N2|China|Gallus_gallus|2013-07-04 #D5EEBA Gallus_gallus
KJ003989.1|H5N1|China|Anatidae|2007-11-14 #A5DCC2 Anatidae
KF997832.1|H7N9|China|Homo_sapiens|2013-05 #FF000D Homo_sapiens
KJ128364.1|H9N2|China|Columbidae|2013-04 #B8DA68 Columbidae
KF772950.1|H5N9|Chile|Larus_dominicanus|2008-01-21 #BD8ABD Larus_dominicanus
KF772958.1|H13N9|Chile|Leucophaeus_pipixcan|2009-11-03 #D1C2D2 Leucophaeus_pipixcan
KF971951.1|H9N2|China|Anatidae|2011-11-01 #A5DCC2 Anatidae
KF971959.1|H9N2|China|Anatidae|2011-11-01 #A5DCC2 Anatidae
KF971967.1|H9N2|China|Anatidae|2011-11-01 #A5DCC2 Anatidae
KF971975.1|H9N2|China|Anatidae|2011-11-01 #A5DCC2 Anatidae
KF971983.1|H9N2|China|Anatidae|2011-11-01 #A5DCC2 Anatidae
KF971991.1|H9N2|China|Anatidae|2011-11-01 #A5DCC2 Anatidae
KF971999.1|H9N2|China|Anatidae|2011-11-01 #A5DCC2 Anatidae
KF972007.1|H9N2|China|Anatidae|2012-03-01 #A5DCC2 Anatidae
KF972015.1|H9N2|China|Anatidae|2012-03-01 #A5DCC2 Anatidae
KF972023.1|H9N2|China|Anatidae|2012-03-01 #A5DCC2 Anatidae
KF972031.1|H9N2|China|Anatidae|2012-03-01 #A5DCC2 Anatidae
KF972039.1|H9N2|China|Anatidae|2012-03-01 #A5DCC2 Anatidae
KF972047.1|H9N2|China|Anatidae|2012-03-01 #A5DCC2 Anatidae
KF972055.1|H9N2|China|Anatidae|2012-03-01 #A5DCC2 Anatidae
KF972063.1|H9N2|China|Anatidae|2012-03-01 #A5DCC2 Anatidae
KF972071.1|H9N2|China|Anatidae|2012-03-01 #A5DCC2 Anatidae
KF972079.1|H9N2|China|Anatidae|2012-03-01 #A5DCC2 Anatidae
KF972087.1|H9N2|China|Anatidae|2012-03-01 #A5DCC2 Anatidae
KF972095.1|H9N2|China|Anatidae|2012-03-01 #A5DCC2 Anatidae
KF972103.1|H9N2|China|Anatidae|2012-03-01 #A5DCC2 Anatidae
KF972111.1|H9N2|China|Anatidae|2012-03-01 #A5DCC2 Anatidae
KF972119.1|H9N2|China|Anatidae|2012-03-01 #A5DCC2 Anatidae
KF572618.1|H1N2|Brazil|Sus_scrofa|2011-07-25 #D1A7B7 Sus_scrofa
KF715078.1|H7N9|USA|Meleagris_gallopavo|2009-08-07 #C8D166 Meleagris_gallopavo
KF715086.1|H7N9|USA|Meleagris_gallopavo|2009-12-08 #C8D166 Meleagris_gallopavo
KF715092.1|H7N9|USA|Meleagris_gallopavo|2011-07-05 #C8D166 Meleagris_gallopavo
KF715100.1|H7N9|USA|Meleagris_gallopavo|2011-07-12 #C8D166 Meleagris_gallopavo
KF715108.1|H7N9|USA|Numididae|2011-04-10 #C59DC6 Numididae
KF685746.1|H3N2|Canada|Homo_sapiens|2013-01-30 #FF000D Homo_sapiens
KC261842.1|H1N1|Finland|Sus_scrofa|2009-02-03 #D1A7B7 Sus_scrofa
KF572435.1|H5N1|China|Aves|2011-12-13 #BDE5BE Aves
JX494707.1|H3N2|China|Sus_scrofa|2010-02 #D1A7B7 Sus_scrofa
JX494716.1|H3N2|China|Sus_scrofa|2010-02 #D1A7B7 Sus_scrofa
KC833443.2|H1N1|Thailand|Sus_scrofa|2009-08-15 #D1A7B7 Sus_scrofa
KC833451.2|H1N1|Thailand|Sus_scrofa|2009-09-04 #D1A7B7 Sus_scrofa
KC841922.1|H3N2|Thailand|Sus_scrofa|2009-11-17 #D1A7B7 Sus_scrofa
KC841930.1|H3N2|Thailand|Sus_scrofa|2009-11-17 #D1A7B7 Sus_scrofa
KC859040.2|H1N1|Thailand|Sus_scrofa|2010-06-10 #D1A7B7 Sus_scrofa
KC859048.2|H1N1|Thailand|Sus_scrofa|2010-06-10 #D1A7B7 Sus_scrofa
KC859080.2|H1N1|Thailand|Sus_scrofa|2010-07-20 #D1A7B7 Sus_scrofa
KC859096.1|H1N1|Thailand|Sus_scrofa|2010-10-04 #D1A7B7 Sus_scrofa
KC859120.2|H3N2|Thailand|Sus_scrofa|2009-11-17 #D1A7B7 Sus_scrofa
KC859128.1|H3N2|Thailand|Sus_scrofa|2009-11-17 #D1A7B7 Sus_scrofa
KC859144.2|H1N1|Thailand|Sus_scrofa|2010-06-10 #D1A7B7 Sus_scrofa
KC859184.2|H1N1|Thailand|Sus_scrofa|2010-09-04 #D1A7B7 Sus_scrofa
KC859192.2|H1N1|Thailand|Sus_scrofa|2009-09-04 #D1A7B7 Sus_scrofa
KC859200.2|H1N1|Thailand|Sus_scrofa|2009-09-04 #D1A7B7 Sus_scrofa
KC859216.2|H3N2|Thailand|Sus_scrofa|2009-11-17 #D1A7B7 Sus_scrofa
KC859224.2|H3N2|Thailand|Sus_scrofa|2009-11-17 #D1A7B7 Sus_scrofa
KC859232.2|H1N1|Thailand|Sus_scrofa|2009-01-15 #D1A7B7 Sus_scrofa
KC859240.2|H1N1|Thailand|Sus_scrofa|2010-05-15 #D1A7B7 Sus_scrofa
JX414234.1|H3N2|China|Sus_scrofa|2010-02 #D1A7B7 Sus_scrofa
KF226107.1|H7N9|China|Homo_sapiens|2013-04-20 #FF000D Homo_sapiens
KF435064.1|H5N2|USA|Fringillidae|1991-02-21 #C0A0BF Fringillidae
KC620388.1|H1N1|Germany|Homo_sapiens|2009-07-21 #FF000D Homo_sapiens
KF382705.1|H1N8|USA|Anatidae|2013-02-05 #A5DCC2 Anatidae
KF298403.1|H7N1|USA|Anas_platyrhynchos|2009-07-26 #D2CFCE Anas_platyrhynchos
KF298411.1|H6N8|USA|Anas_platyrhynchos|2009-09-04 #D2CFCE Anas_platyrhynchos
KF182743.1|H5N1|Viet_Nam|Anas_platyrhynchos|2012-07-28 #D2CFCE Anas_platyrhynchos
AB827993.1|H5N1|Viet_Nam|Cairina_moschata|2013-01-07 #C4B7C1 Cairina_moschata
KF142483.1|H9N2|China|Anatidae|2008-01 #A5DCC2 Anatidae
AB822992.1|H5N1|Viet_Nam|Gallus_gallus|2012-06-07 #D5EEBA Gallus_gallus
KC986292.1|H9N2|Bangladesh|Gallus_gallus|2006-09 #D5EEBA Gallus_gallus
KC896776.1|H7N9|China|Homo_sapiens|2013-03-28 #FF000D Homo_sapiens
KF006416.1|H10N9|China|Gallus_gallus|2013-03 #D5EEBA Gallus_gallus
KC951206.1|H1N2|USA|Sus_scrofa|2012-12-28 #D1A7B7 Sus_scrofa
KC876685.1|H7N7|China|Anser_sp.|2012-03-14 #C7CEC2 Anser_sp.
KC876693.1|H12N8|China|Anser_sp.|2011-11-10 #C7CEC2 Anser_sp.
KC853231.1|H7N9|China|Homo_sapiens|2013-03-05 #FF000D Homo_sapiens
KC839569.1|H3N2|USA|Sus_scrofa|2012-12-18 #D1A7B7 Sus_scrofa
AB818499.1|H5N1|Viet_Nam|Gallus_gallus|2012-06-17 #D5EEBA Gallus_gallus
AB818507.1|H5N1|Viet_Nam|Gallus_gallus|2012-06-17 #D5EEBA Gallus_gallus
JQ973672.1|H5N5|China|Anatidae|2009-12-16 #A5DCC2 Anatidae
JQ973680.1|H5N5|China|Galliformes|2010-01-08 #CB9297 Galliformes
JQ973688.1|H5N5|China|Anatidae|2010-01-27 #A5DCC2 Anatidae
JQ973696.1|H5N8|China|Anatidae|2010-12-05 #A5DCC2 Anatidae
KC779042.1|H1N1|USA|Sus_scrofa|2013-01-15 #D1A7B7 Sus_scrofa
KC683705.1|H4N8|China|Anatidae|2010-11 #A5DCC2 Anatidae
KC616722.1|H3N2|USA|Sus_scrofa|2012-08-03 #D1A7B7 Sus_scrofa
KC616730.1|H3N2|USA|Sus_scrofa|2012-08-03 #D1A7B7 Sus_scrofa
JQ738133.1|H3N2|USA|Sus_scrofa|2010-09-20 #D1A7B7 Sus_scrofa
KC508580.1|H3N2|USA|Sus_scrofa|2012-11-28 #D1A7B7 Sus_scrofa
KC508598.1|H1N2|USA|Sus_scrofa|2012-09-27 #D1A7B7 Sus_scrofa
KC464600.1|H9N2|China|Fringilla_montifringilla|2012-11-07 #CBE4C4 Fringilla_montifringilla
KC261671.1|H3N2|China|Anatidae|2004-05 #A5DCC2 Anatidae
KC261679.1|H3N6|China|Anatidae|2010-03 #A5DCC2 Anatidae
KC282881.1|H4N2|China|Anatidae|2011-01-12 #A5DCC2 Anatidae
JX987192.1|H1N1|China|Sus_scrofa|2011-02-25 #D1A7B7 Sus_scrofa
JX398001.1|H1N1|Hungary|Sus_scrofa|2011-05-25 #D1A7B7 Sus_scrofa
JX860679.1|H1N1|China|Sus_scrofa|2011-11-19 #D1A7B7 Sus_scrofa
JX860687.1|H1N1|China|Sus_scrofa|2012-03-09 #D1A7B7 Sus_scrofa
JX860695.1|H1N1|China|Sus_scrofa|2011-12-25 #D1A7B7 Sus_scrofa
JX963599.1|H1N1|China|Sus_scrofa|2011-12-07 #D1A7B7 Sus_scrofa
JX963606.1|H1N1|China|Sus_scrofa|2012-01-05 #D1A7B7 Sus_scrofa
JX465642.1|H6N5|South_Korea|Aves|2009-11 #BDE5BE Aves
JX899804.1|H7N9|USA|Numididae|2011-04-05 #C59DC6 Numididae
JX899806.1|H7N9|USA|Anatidae|2011-04-05 #A5DCC2 Anatidae
JQ990781.1|H6N1|France|Meleagris_gallopavo|2010-04 #C8D166 Meleagris_gallopavo
JX534963.1|H3N2|USA|Sus_scrofa|2012-07-28 #D1A7B7 Sus_scrofa
JX534971.1|H3N2|USA|Sus_scrofa|2012-07-28 #D1A7B7 Sus_scrofa
JX442482.1|H1N1|Nigeria|Sus_scrofa|2011-05-27 #D1A7B7 Sus_scrofa
JX442058.1|H3N2|USA|Sus_scrofa|2012-06-19 #D1A7B7 Sus_scrofa
JX096506.1|H3N2|China|Sus_scrofa|2011-02-27 #D1A7B7 Sus_scrofa
JX151009.1|H4N8|China|Sus_scrofa|2011-10-21 #D1A7B7 Sus_scrofa
JQ990146.1|H5N2|China|Psittacidae|2004-12-29 #D3EBB7 Psittacidae
JX013486.1|H5N1|China|Psittacidae|2005-02-01 #D3EBB7 Psittacidae
JQ273543.1|H1N1|Australia|Sus_scrofa|2009-08-17 #D1A7B7 Sus_scrofa
JQ023764.1|H1N2|USA|Sus_scrofa|2010-03-03 #D1A7B7 Sus_scrofa
JQ023772.1|H1N1|USA|Sus_scrofa|2010-02-10 #D1A7B7 Sus_scrofa
JQ924787.1|H10N8|China|Anatidae|2012-01-10 #A5DCC2 Anatidae
JQ924799.1|H6N2|China|Gallus_gallus|2011-11-29 #D5EEBA Gallus_gallus
JQ966929.1|H5N1|China|Accipitriformes|2003-01-23 #DEEBA5 Accipitriformes
JQ988866.1|H7N3|China|Anatidae|1996 #A5DCC2 Anatidae
JX138511.1|H1N2|China|Sus_scrofa|2008-03 #D1A7B7 Sus_scrofa
JX138519.1|H1N1|China|Sus_scrofa|2008-11 #D1A7B7 Sus_scrofa
JX138527.1|H3N2|China|Sus_scrofa|2008-07 #D1A7B7 Sus_scrofa
JX046928.1|H1N1|Russia|Homo_sapiens|2012-02-18 #FF000D Homo_sapiens
JQ794448.1|H5N1|Thailand|Anatidae|2006 #A5DCC2 Anatidae
JQ794456.1|H5N1|Thailand|Gallus_gallus|2006 #D5EEBA Gallus_gallus
JQ794465.1|H5N1|Thailand|Gallus_gallus|2006 #D5EEBA Gallus_gallus
JQ794472.1|H5N1|Thailand|Anatidae|2006 #A5DCC2 Anatidae
JQ794480.1|H5N1|Thailand|Columbidae|2007 #B8DA68 Columbidae
JQ790998.1|H3N2|USA|Sus_scrofa|2010-11-22 #D1A7B7 Sus_scrofa
JQ791006.1|H3N2|USA|Sus_scrofa|2010-11-22 #D1A7B7 Sus_scrofa
JQ791014.1|H3N2|USA|Sus_scrofa|2010-09-22 #D1A7B7 Sus_scrofa
JQ746703.1|H3N2|Russia|Homo_sapiens|2010-11 #FF000D Homo_sapiens
JQ768355.1|H1N1|Russia|Homo_sapiens|2012-01-20 #FF000D Homo_sapiens
JQ714248.1|H5N1|Cambodia|Homo_sapiens|2012-01-10 #FF000D Homo_sapiens
JN596917.1|H1N2|Italy|Sus_scrofa|2010-02 #D1A7B7 Sus_scrofa
JN596919.1|H1N2|Italy|Sus_scrofa|2010-03 #D1A7B7 Sus_scrofa
JN596921.1|H1N2|Italy|Sus_scrofa|2010-06 #D1A7B7 Sus_scrofa
JN596923.1|H1N2|Italy|Sus_scrofa|2010-06 #D1A7B7 Sus_scrofa
JN596925.1|H1N2|Italy|Sus_scrofa|2010-11 #D1A7B7 Sus_scrofa
JQ711488.1|H6N1|Thailand|Anatidae|2005 #A5DCC2 Anatidae
JQ612485.1|H1N1|Hungary|Sus_scrofa|2010-02-12 #D1A7B7 Sus_scrofa
JQ609665.1|H9N1|United_Kingdom|Gallus_gallus|2010-12 #D5EEBA Gallus_gallus
JQ624669.1|H1N1|USA|Sus_scrofa|2008-12-18 #D1A7B7 Sus_scrofa
JQ409128.1|H1N1|Finland|Homo_sapiens|2009-05-25 #FF000D Homo_sapiens
JQ409136.1|H1N1|Finland|Homo_sapiens|2009-06-13 #FF000D Homo_sapiens
JQ409144.1|H1N1|Finland|Homo_sapiens|2009-06-13 #FF000D Homo_sapiens
JQ350524.1|H3N2|USA|Sus_scrofa|2011-09-30 #D1A7B7 Sus_scrofa
JQ350532.1|H3N2|USA|Sus_scrofa|2011-10-06 #D1A7B7 Sus_scrofa
JQ350540.1|H3N2|USA|Sus_scrofa|2011-10-19 #D1A7B7 Sus_scrofa
JQ253795.1|H1N1|Norway|Sus_scrofa|2009-10-09 #D1A7B7 Sus_scrofa
JN683631.1|H3N2|Canada|Meleagris_gallopavo|2011-02-24 #C8D166 Meleagris_gallopavo
JN683639.1|H3N2|Canada|Meleagris_gallopavo|2011-07-06 #C8D166 Meleagris_gallopavo
JQ173105.1|H1N1|China|Homo_sapiens|2009-10-30 #FF000D Homo_sapiens
JQ173150.1|H1N1|Finland|Homo_sapiens|2009-07-27 #FF000D Homo_sapiens
JQ173158.1|H1N1|Finland|Homo_sapiens|2009-05-10 #FF000D Homo_sapiens
JQ173166.1|H1N1|Finland|Homo_sapiens|2009-11-25 #FF000D Homo_sapiens
JN935005.1|H5N1|Viet_Nam|Anatidae|2010-06 #A5DCC2 Anatidae
JN896301.1|H1N1|Viet_Nam|Homo_sapiens|2009-10-14 #FF000D Homo_sapiens
JN896303.1|H1N1|Viet_Nam|Homo_sapiens|2009-10-16 #FF000D Homo_sapiens
JN940424.1|H3N2|USA|Sus_scrofa|2011-09-13 #D1A7B7 Sus_scrofa
JN588942.1|H5N1|Cambodia|Gallus_gallus|2008-03-07 #D5EEBA Gallus_gallus
JN704793.1|H1N1|Russia|Homo_sapiens|2011-02-22 #FF000D Homo_sapiens
JN673252.1|H1N1|USA|Sus_scrofa|2011-07-16 #D1A7B7 Sus_scrofa
JN673260.1|H1N1|USA|Sus_scrofa|2011-07-16 #D1A7B7 Sus_scrofa
JN600466.1|H5N1|Israel|Accipitridae|2011-04-07 #E9EC93 Accipitridae
JN582042.1|H5N1|Israel|Meleagris_gallopavo|2011-03-06 #C8D166 Meleagris_gallopavo
JN582044.1|H5N1|Israel|Meleagris_gallopavo|2011-03-02 #C8D166 Meleagris_gallopavo
JN596859.1|H1N1|Russia|Homo_sapiens|2009-08-06 #FF000D Homo_sapiens
JN193420.1|H1N1|USA|Sus_scrofa|2011-02-24 #D1A7B7 Sus_scrofa
JN193423.1|H1N1|USA|Sus_scrofa|2011-02-10 #D1A7B7 Sus_scrofa
JN193426.1|H1N1|USA|Sus_scrofa|2011-05-18 #D1A7B7 Sus_scrofa
JF928007.1|H1N1|USA|Sus_scrofa|2011-02-21 #D1A7B7 Sus_scrofa
JF714144.1|H1N1|South_Korea|Homo_sapiens|2009-11-02 #FF000D Homo_sapiens
JF312055.1|H1N2|USA|Sus_scrofa|2010-12-07 #D1A7B7 Sus_scrofa
JF312062.1|H1N1|USA|Sus_scrofa|2010-12-10 #D1A7B7 Sus_scrofa
JF429403.1|H1N1|France|Homo_sapiens|2009-06 #FF000D Homo_sapiens
JF290393.1|H1N2|United_Kingdom|Sus_scrofa|2010-04-13 #D1A7B7 Sus_scrofa
JF316645.1|H3N2|USA|Sus_scrofa|2010-09-20 #D1A7B7 Sus_scrofa
JF279886.1|H1N1|Costa_Rica|Sus_scrofa|2010-11-01 #D1A7B7 Sus_scrofa
JF279889.1|H1N1|Costa_Rica|Sus_scrofa|2010-11-01 #D1A7B7 Sus_scrofa
JF279898.1|H1N1|Costa_Rica|Sus_scrofa|2010-11-01 #D1A7B7 Sus_scrofa
JF279901.1|H1N1|Costa_Rica|Sus_scrofa|2010-11-01 #D1A7B7 Sus_scrofa
HM626484.1|H1N2|Sweden|Sus_scrofa|2010-01-26 #D1A7B7 Sus_scrofa
HQ728096.1|H1N1|Taiwan|Sus_scrofa|2009-11-25 #D1A7B7 Sus_scrofa
HQ728112.1|H1N1|Taiwan|Sus_scrofa|2009-12-04 #D1A7B7 Sus_scrofa
HQ734187.1|H3N2|USA|Sus_scrofa|2009-08-20 #D1A7B7 Sus_scrofa
HQ734190.1|H3N2|USA|Sus_scrofa|2009-08-20 #D1A7B7 Sus_scrofa
HQ734193.1|H3N2|USA|Sus_scrofa|2009-09-21 #D1A7B7 Sus_scrofa
HQ734196.1|H3N2|USA|Sus_scrofa|2009-11-05 #D1A7B7 Sus_scrofa
HQ734199.1|H3N2|USA|Sus_scrofa|2009-11-05 #D1A7B7 Sus_scrofa
HQ734202.1|H3N2|USA|Sus_scrofa|2010-04-22 #D1A7B7 Sus_scrofa
HQ734205.1|H3N2|USA|Sus_scrofa|2010-06-11 #D1A7B7 Sus_scrofa
HQ393495.1|H1N1|Taiwan|Sus_scrofa|2010-09-01 #D1A7B7 Sus_scrofa
HQ291535.1|H1N1|USA|Sus_scrofa|2010-04-29 #D1A7B7 Sus_scrofa
HM461772.1|H1N2|USA|Sus_scrofa|2008 #D1A7B7 Sus_scrofa
HM461780.1|H1N1|USA|Sus_scrofa|2008 #D1A7B7 Sus_scrofa
HM461788.1|H1N1|USA|Sus_scrofa|2008 #D1A7B7 Sus_scrofa
HM461796.1|H1N1|USA|Sus_scrofa|2008 #D1A7B7 Sus_scrofa
HM461804.1|H1N2|USA|Sus_scrofa|2008 #D1A7B7 Sus_scrofa
HM461812.1|H1N1|USA|Sus_scrofa|2008 #D1A7B7 Sus_scrofa
HM461820.1|H1N1|USA|Sus_scrofa|2008 #D1A7B7 Sus_scrofa
HM461828.1|H1N1|USA|Sus_scrofa|2008 #D1A7B7 Sus_scrofa
HM461836.1|H1N1|USA|Sus_scrofa|2008 #D1A7B7 Sus_scrofa
HM461844.1|H1N1|USA|Sus_scrofa|2008 #D1A7B7 Sus_scrofa
HM461852.1|H1N2|USA|Sus_scrofa|2008 #D1A7B7 Sus_scrofa
HM219619.1|H1N1|USA|Sus_scrofa|2010-02-23 #D1A7B7 Sus_scrofa
HM219622.1|H1N1|USA|Sus_scrofa|2010-03-09 #D1A7B7 Sus_scrofa
HM219625.1|H1N1|USA|Sus_scrofa|2010-03-24 #D1A7B7 Sus_scrofa
HM219628.1|H1N1|USA|Sus_scrofa|2010-03-17 #D1A7B7 Sus_scrofa
HM219631.1|H1N1|USA|Sus_scrofa|2010-03-31 #D1A7B7 Sus_scrofa
HM219634.1|H1N1|USA|Sus_scrofa|2010-03-18 #D1A7B7 Sus_scrofa
HM219637.1|H1N1|USA|Sus_scrofa|2010-03-18 #D1A7B7 Sus_scrofa
HM219640.1|H1N1|USA|Sus_scrofa|2010-04-20 #D1A7B7 Sus_scrofa
HM125976.1|H1N1|USA|Sus_scrofa|2002-10-14 #D1A7B7 Sus_scrofa
GU470881.1|H1N1|USA|Sus_scrofa|2009 #D1A7B7 Sus_scrofa
GQ421202.1|H1N1|Italy|Homo_sapiens|2009-07-01 #FF000D Homo_sapiens
GQ421204.1|H1N1|Italy|Homo_sapiens|2009-07-12 #FF000D Homo_sapiens
FJ445228.2|H5N1|Hungary|Cygnus_olor|2006-02-06 #F4EC81 Cygnus_olor
FJ445236.1|H5N1|Hungary|Cygnus_olor|2006-02-16 #F4EC81 Cygnus_olor
FJ445244.1|H5N1|Hungary|Anatidae|2006-06-06 #A5DCC2 Anatidae
EU594351.1|H5N1|China|Anatidae|nonRec #A5DCC2 Anatidae
EU620748.1|H3N2|China|Homo_sapiens|2005 #FF000D Homo_sapiens
EU880344.1|H4N6|China|Anas_platyrhynchos|2005-10 #D2CFCE Anas_platyrhynchos
EU587372.1|H7N2|USA|Homo_sapiens|2003 #FF000D Homo_sapiens
EU502894.1|H9N2|nonRec|Sus_scrofa|nonRec #D1A7B7 Sus_scrofa
EU502902.1|H9N2|nonRec|Sus_scrofa|nonRec #D1A7B7 Sus_scrofa
EF362420.1|H5N1|India|Gallus_gallus|nonRec #D5EEBA Gallus_gallus
EF362428.1|H5N1|India|Gallus_gallus|nonRec #D5EEBA Gallus_gallus
EU258937.1|H2N3|USA|Sus_scrofa|2006 #D1A7B7 Sus_scrofa
EU258945.1|H2N3|USA|Sus_scrofa|2006 #D1A7B7 Sus_scrofa
EU182267.2|H6N2|USA|Coturnix_japonica|2004 #FFED6F Coturnix_japonica
EU182275.2|H6N2|USA|Gallus_gallus|2004 #D5EEBA Gallus_gallus
EF587279.1|H5N1|nonRec|Homo_sapiens|nonRec #FF000D Homo_sapiens
EF612744.1|H9N2|China|Sus_scrofa|nonRec #D1A7B7 Sus_scrofa
EF467823.1|H1N1|USA|Homo_sapiens|1934 #FF000D Homo_sapiens
DQ835315.1|H5N1|China|Homo_sapiens|nonRec #FF000D Homo_sapiens
